[
  {
    "Apuleius": "Apul.",
    "Caesar": "Caes.",
    "Catull": "Catull.",
    "Cicero": "Cic.",
    "Florus": "Flor.",
    "Gellius": "Gell.",
    "Horatius": "Hor.",
    "Q. Horatius Flaccus (Horace)": "Hor.",
    "Juvenal": "Iuv.",
    "Livius": "Liv.",
    "Livy": "Liv.",
    "Lucan": "Luc.",
    "Martial": "Mart.",
    "Nepos": "Nep.",
    "Ovid": "Ov.",
    "Petron": "Petr.",
    "Phaedrus": "Phaedr.",
    "Plautus": "Plaut.",
    "Pliny": "Plin.",
    "Quintilian": "Quint.",
    "Rufus": "Curt. Ruf.",
    "Sallust": "Sall.",
    "Seneca": "Sen.",
    "Statius": "Stat.",
    "Sueton": "Suet.",
    "Sulpicia": "Sulp.",
    "Tacitus": "Tac.",
    "P. Terentius Afer (Terence)": "Ter.",
    "Terentius": "Ter.",
    "Valerius Flaccus": "Val. Fl.",
    "Valerius Maximus": "Val. Max.",
    "Vitruvius": "Vitr.",
    "Vergil": "Verg."
  }
]