[
  {
    "Apul.": "Apuleius",
    "Caes.": "Caesar",
    "Catull.": "Catull",
    "Cic.": "Cicero",
    "Flor.": "Florus",
    "Gell.": "Gellius",
    "Hor.": "Horaz",
    "Iuv.": "Juvenal",
    "Liv.": "Livius",
    "Luc.": "Lucan",
    "Mart.": "Martial",
    "Nep.": "Nepos",
    "Ov.": "Ovid",
    "Petr.": "Petron",
    "Phaedr.": "Phaedrus",
    "Plaut.": "Plautus",
    "Plin.": "Plinius",
    "Quint.": "Quintilian",
    "Curt. Ruf.": "Curtius Rufus",
    "Sall.": "Sallust",
    "Sen.": "Seneca",
    "Stat.": "Statius",
    "Suet.": "Sueton",
    "Sulp.": "Sulpicius",
    "Tac.": "Tacitus",
    "Ter.": "Terenz",
    "Val. Fl.": "Valerius Flaccus",
    "Val. Max.": "Valerius Maximus",
    "Vitr.": "Vitruv",
    "Verg.": "Vergil"
  }
]