<?xml version="1.0"?>
<?xml-stylesheet type="text/xsl" href="katalog.xsl"?>
<texte><text><id>t01190012</id><autor>T. Maccius Plautus</autor><abbrev>Pl.</abbrev><titel>Amphitruo</titel><filename>phi0119.phi001.perseus-lat2.xml</filename><language>Latin
      </language><source>F. Leo; Medford, MA 2001-09-05</source><updated_at>18.11.2016</updated_at></text><text><id>t01190022</id><autor>T. Maccius Plautus</autor><abbrev>Pl.</abbrev><titel>Asinaria</titel><filename>phi0119.phi002.perseus-lat2.xml</filename><language>Latin</language><source>F. Leo; Medford, MA 1895</source><updated_at>18.11.2016</updated_at></text><text><id>t01190032</id><autor>T. Maccius Plautus</autor><abbrev>Pl.</abbrev><titel>Aulularia</titel><filename>phi0119.phi003.perseus-lat2.xml</filename><language>Latin</language><source>F. Leo; Medford, MA 1895</source><updated_at>18.11.2016</updated_at></text><text><id>t01190042</id><autor>T. Maccius Plautus</autor><abbrev>Pl.</abbrev><titel>Bacchides</titel><filename>phi0119.phi004.perseus-lat2.xml</filename><language>Latin</language><source>F. Leo; Medford, MA 1895</source><updated_at>02.02.2016</updated_at></text><text><id>t01190052</id><autor>T. Maccius Plautus</autor><abbrev>Pl.</abbrev><titel>Captivi</titel><filename>phi0119.phi005.perseus-lat2.xml</filename><language>Latin</language><source>F. Leo; Medford, MA 1895</source><updated_at>18.11.2016</updated_at></text><text><id>t01190062</id><autor>T. Maccius Plautus</autor><abbrev>Pl.</abbrev><titel>Casina</titel><filename>phi0119.phi006.perseus-lat2.xml</filename><language>Latin</language><source>F. Leo; Medford, MA 2001-09-05</source><updated_at>18.11.2016</updated_at></text><text><id>t01190072</id><autor>T. Maccius Plautus</autor><abbrev>Pl.</abbrev><titel>Cistellaria</titel><filename>phi0119.phi007.perseus-lat2.xml</filename><language>Latin</language><source>F. Leo; Medford, MA 2001-09-05</source><updated_at>18.11.2016</updated_at></text><text><id>t01190082</id><autor>T. Maccius Plautus</autor><abbrev>Pl.</abbrev><titel>Curculio</titel><filename>phi0119.phi008.perseus-lat2.xml</filename><language>Latin</language><source>F. Leo; Medford, MA 2001-09-05</source><updated_at>18.11.2016</updated_at></text><text><id>t01190092</id><autor>T. Maccius Plautus</autor><abbrev>Pl.</abbrev><titel>Epidicus</titel><filename>phi0119.phi009.perseus-lat2.xml</filename><language>Latin</language><source>F. Leo; Medford, MA 2001-09-05</source><updated_at>13.09.2013</updated_at></text><text><id>t01190102</id><autor>T. Maccius Plautus</autor><abbrev>Pl.</abbrev><titel>Menaechmi</titel><filename>phi0119.phi010.perseus-lat2.xml</filename><language>Latin</language><source>F. Leo; Medford, MA 2001-09-05</source><updated_at>18.11.2016</updated_at></text><text><id>t01190112</id><autor>T. Maccius Plautus</autor><abbrev>Pl.</abbrev><titel>Mercator</titel><filename>phi0119.phi011.perseus-lat2.xml</filename><language>Latin</language><source>F. Leo; Medford, MA 2001-09-05</source><updated_at>18.11.2016</updated_at></text><text><id>t01190122</id><autor>T. Maccius Plautus</autor><abbrev>Pl.</abbrev><titel>Miles Gloriosus</titel><filename>phi0119.phi012.perseus-lat2.xml</filename><language>Latin</language><source>F. Leo; Medford, MA 2001-09-05</source><updated_at>18.11.2016</updated_at></text><text><id>t01190132</id><autor>T. Maccius Plautus</autor><abbrev>Pl.</abbrev><titel>Mostellaria</titel><filename>phi0119.phi013.perseus-lat2.xml</filename><language>Latin</language><source>F. Leo; Medford, MA 2001-09-05</source><updated_at>02.02.2016</updated_at></text><text><id>t01190142</id><autor>T. Maccius Plautus</autor><abbrev>Pl.</abbrev><titel>Persa</titel><filename>phi0119.phi014.perseus-lat2.xml</filename><language>Latin</language><source>F. Leo; Medford, MA 2001-09-05</source><updated_at>18.11.2016</updated_at></text><text><id>t01190152</id><autor>T. Maccius Plautus</autor><abbrev>Pl.</abbrev><titel>Poenulus</titel><filename>phi0119.phi015.perseus-lat2.xml</filename><language>Latin</language><source>F. Leo; Medford, MA 2001-09-05</source><updated_at>18.11.2016</updated_at></text><text><id>t01190162</id><autor>T. Maccius Plautus</autor><abbrev>Plaut.</abbrev><titel>Pseudolus</titel><filename>phi0119.phi016.perseus-lat2.xml</filename><language>Latin</language><source>F. Leo; Medford, MA 2001-09-05</source><updated_at>18.11.2016</updated_at></text><text><id>t01190172</id><autor>T. Maccius Plautus</autor><abbrev>Pl.</abbrev><titel>Rudens</titel><filename>phi0119.phi017.perseus-lat2.xml</filename><language>Latin</language><source>F. Leo; Medford, MA 2001-09-05</source><updated_at>18.11.2016</updated_at></text><text><id>t01190182</id><autor>T. Maccius Plautus</autor><abbrev>Pl.</abbrev><titel>Stichus</titel><filename>phi0119.phi018.perseus-lat2.xml</filename><language>Latin</language><source>F. Leo; Medford, MA 2001-09-05</source><updated_at>18.11.2016</updated_at></text><text><id>t01190192</id><autor>T. Maccius Plautus</autor><abbrev>Pl.</abbrev><titel>Trinummus</titel><filename>phi0119.phi019.perseus-lat2.xml</filename><language>Latin</language><source>F. Leo; Medford, MA 2001-09-05</source><updated_at>18.11.2016</updated_at></text><text><id>t01190202</id><autor>T. Maccius Plautus</autor><abbrev>Pl.</abbrev><titel>Truculentus</titel><filename>phi0119.phi020.perseus-lat2.xml</filename><language>Latin</language><source>F. Leo; Medford, MA 2001-09-05</source><updated_at>18.11.2016</updated_at></text><text><id>t01340012</id><autor>P. Terentius Afer (Terence)</autor><abbrev>Ter.</abbrev><titel>Andria</titel><filename>phi0134.phi001.perseus-lat2.xml</filename><language>Latin</language><source>Edward St. John Parry; Medford, MA 2001-09-05</source><updated_at>18.11.2016</updated_at></text><text><id>t01340022</id><autor>P. Terentius Afer (Terence)</autor><abbrev>Ter.</abbrev><titel>Heautontimorumenos</titel><filename>phi0134.phi002.perseus-lat2.xml</filename><language>Latin</language><source>Edward St. John Parry; Medford, MA 2001-09-05</source><updated_at>18.11.2016</updated_at></text><text><id>t01340032</id><autor>P. Terentius Afer (Terence)</autor><abbrev>Ter.</abbrev><titel>Eunuchus</titel><filename>phi0134.phi003.perseus-lat2.xml</filename><language>Latin</language><source>Edward St. John Parry; Medford, MA 2001-09-05</source><updated_at>18.11.2016</updated_at></text><text><id>t01340042</id><autor>P. Terentius Afer (Terence)</autor><abbrev>Ter.</abbrev><titel>Phormio</titel><filename>phi0134.phi004.perseus-lat2.xml</filename><language>Latin</language><source>Edward St. John Parry; Medford, MA 2001-09-05</source><updated_at>18.11.2016</updated_at></text><text><id>t01340052</id><autor>P. Terentius Afer (Terence)</autor><abbrev>Ter.</abbrev><titel>Hecyra</titel><filename>phi0134.phi005.perseus-lat2.xml</filename><language>Latin</language><source>Edward St. John Parry; Medford, MA 2001-09-05</source><updated_at>18.11.2016</updated_at></text><text><id>t01340062</id><autor>P. Terentius Afer (Terence)</autor><abbrev>Ter.</abbrev><titel>Adelphi</titel><filename>phi0134.phi006.perseus-lat2.xml</filename><language>Latin</language><source>Edward St. John Parry; Medford, MA 2001-09-05</source><updated_at>18.11.2016</updated_at></text><text><id>t04480012</id><autor>C. Julius Caesar</autor><abbrev>Caes.</abbrev><titel>De bello Gallico</titel><filename>phi0448.phi001.perseus-lat2.xml</filename><language>Latin</language><source>T. Rice Holmes; Medford, MA 1914</source><updated_at>22.01.2016</updated_at></text><text><id>t04720012</id><autor>C. Valerius Catullus</autor><abbrev>Catull.</abbrev><titel>Carmina</titel><filename>phi0472.phi001.perseus-lat2.xml</filename><language>Latin </language><source>E. T. Merrill; Medford, MA 1893</source><updated_at>06.11.2014</updated_at></text><text><id>t04740012</id><autor>M. Tullius Cicero</autor><abbrev>Cic.</abbrev><titel>For P. Quinctio</titel><filename>phi0474.phi001.perseus-lat2.xml</filename><language>Latin</language><source>Albert Clark; Medford, MA 1997-10-28</source><updated_at>22.01.2016</updated_at></text><text><id>t04740022</id><autor>M. Tullius Cicero</autor><abbrev>Cic.</abbrev><titel>Sextus Roscius</titel><filename>phi0474.phi002.perseus-lat2.xml</filename><language>Latin</language><source>Albert Clark; Medford, MA 1997-10-28</source><updated_at>29.01.2016</updated_at></text><text><id>t04740032</id><autor>M. Tullius Cicero</autor><abbrev>Cic.</abbrev><titel>Quintus Roscius</titel><filename>phi0474.phi003.perseus-lat2.xml</filename><language>Latin</language><source>Albert Clark; Medford, MA 1997-10-28</source><updated_at>29.01.2016</updated_at></text><text><id>t04740042</id><autor>M. Tullius Cicero</autor><abbrev>Cic.</abbrev><titel>Against Quintus Caecilius</titel><filename>phi0474.phi004.perseus-lat2.xml</filename><language>Latin</language><source>Albert Clark; Medford, MA 1997-10-28</source><updated_at>05.02.2016</updated_at></text><text><id>t04740052</id><autor>M. Tullius Cicero</autor><abbrev>Cic.</abbrev><titel>Against Verres</titel><filename>phi0474.phi005.perseus-lat2.xml</filename><language>Latin</language><source>Albert Clark; Medford, MA 1997-10-28</source><updated_at>08.02.2016</updated_at></text><text><id>t04740062</id><autor>M. Tullius Cicero</autor><abbrev>Cic.</abbrev><titel>On Behalf of Marcus Tullius</titel><filename>phi0474.phi006.perseus-lat2.xml</filename><language>Latin</language><source>Albert Clark; Medford, MA 1997-10-28</source><updated_at>09.03.2016</updated_at></text><text><id>t04740072</id><autor>M. Tullius Cicero</autor><abbrev>M. Tullius Cicero</abbrev><titel>On Behalf Of Marcus Fonteius</titel><filename>phi0474.phi007.perseus-lat2.xml</filename><language>Latin</language><source>Albert Clark; Medford, MA 1997-10-28</source><updated_at>19.04.2016</updated_at></text><text><id>t04740082</id><autor>M. Tullius Cicero</autor><abbrev>Cic.</abbrev><titel>On Behalf of Aulus Caecina</titel><filename>phi0474.phi008.perseus-lat2.xml</filename><language>Latin</language><source>Albert Clark; Medford, MA 1997-10-28</source><updated_at>06.04.2016</updated_at></text><text><id>t04740092</id><autor>M. Tullius Cicero</autor><abbrev>M. Tullius Cicero</abbrev><titel>In Defense of the Proposed Manilian Law</titel><filename>phi0474.phi009.perseus-lat2.xml</filename><language>Latin</language><source>Albert Clark; Medford, MA 1997-10-28</source><updated_at>13.04.2016</updated_at></text><text><id>t04740102</id><autor>M. Tullius Cicero</autor><abbrev>M. Tullius Cicero</abbrev><titel>In Defense of Aulus Cluentius Habitus</titel><filename>phi0474.phi010.perseus-lat2.xml</filename><language>Latin</language><source>Albert Clark; Medford, MA 1997-10-28</source><updated_at>13.04.2016</updated_at></text><text><id>t04740112</id><autor>M. Tullius Cicero</autor><abbrev>Cic.</abbrev><titel>Orations on the Agrarian Law</titel><filename>phi0474.phi011.perseus-lat2.xml</filename><language>Latin</language><source>Albert Clark; Medford, MA 1997-10-28</source><updated_at>19.04.2016</updated_at></text><text><id>t04740122</id><autor>M. Tullius Cicero</autor><abbrev>Cic.</abbrev><titel>In Defense of Caius Rabirius</titel><filename>phi0474.phi012.perseus-lat2.xml</filename><language>Latin</language><source>Albert Clark; Medford, MA 1997-10-28</source><updated_at>19.04.2016</updated_at></text><text><id>t04740132</id><autor>M. Tullius Cicero</autor><abbrev>Cic.</abbrev><titel>Four Orations Against Lucius Catilina</titel><filename>phi0474.phi013.perseus-lat2.xml</filename><language>Latin</language><source>Albert Clark; Medford, MA 1997-10-28</source><updated_at>20.04.2016</updated_at></text><text><id>t04740142</id><autor>M. Tullius Cicero</autor><abbrev>Cic.</abbrev><titel>In Defense of L. Murena</titel><filename>phi0474.phi014.perseus-lat2.xml</filename><language>Latin</language><source>Albert Clark; Medford, MA 1997-10-28</source><updated_at>20.04.2016</updated_at></text><text><id>t04740152</id><autor>M. Tullius Cicero</autor><abbrev>Cic.</abbrev><titel>In Defense of Publius Sulla</titel><filename>phi0474.phi015.perseus-lat2.xml</filename><language>Latin</language><source>Albert Clark; Medford, MA 1997-10-28</source><updated_at>20.04.2016</updated_at></text><text><id>t04740162</id><autor>M. Tullius Cicero</autor><abbrev>Cic.</abbrev><titel>For Aulus Licinius Archias</titel><filename>phi0474.phi016.perseus-lat2.xml</filename><language>Latin</language><source>Albert Clark; Medford, MA 1997-10-28</source><updated_at>20.05.2016</updated_at></text><text><id>t04740172</id><autor>M. Tullius Cicero</autor><abbrev>Cic.</abbrev><titel>In Defense of Lucius Flaccus</titel><filename>phi0474.phi017.perseus-lat2.xml</filename><language>Latin</language><source>Albert Clark; Medford, MA 1997-10-28</source><updated_at>20.05.2016</updated_at></text><text><id>t04740182</id><autor>M. Tullius Cicero</autor><abbrev>Cic.</abbrev><titel>To the Citizens after his Return</titel><filename>phi0474.phi018.perseus-lat2.xml</filename><language>Latin</language><source>Albert Clark; Medford, MA 1997-10-28</source><updated_at>20.05.2016</updated_at></text><text><id>t04740192</id><autor>M. Tullius Cicero</autor><abbrev>Cic.</abbrev><titel>In the Senate after his Return</titel><filename>phi0474.phi019.perseus-lat2.xml</filename><language>Latin</language><source>Albert Clark; Medford, MA 1997-10-28</source><updated_at>20.05.2016</updated_at></text><text><id>t04740201</id><autor>M. Tullius Cicero</autor><abbrev>Cic.</abbrev><titel>Address to the Priests </titel><filename>phi0474.phi020.perseus-lat1.xml</filename><language>Latin</language><source>Albert Clark; Medford, MA 1997-10-28</source><updated_at>01.08.2014</updated_at></text><text><id>t04740231</id><autor>M. Tullius Cicero</autor><abbrev>Cic.</abbrev><titel>Against Publius Vatinius </titel><filename>phi0474.phi023.perseus-lat1.xml</filename><language>Latin</language><source>Albert Clark; Medford, MA 1997-10-28</source><updated_at>01.08.2014</updated_at></text><text><id>t04740242</id><autor>M. Tullius Cicero</autor><abbrev>Cic.</abbrev><titel>In Defense of Marcus Caelius </titel><filename>phi0474.phi024.perseus-lat2.xml</filename><language>Latin</language><source>Albert Clark; Medford, MA 1997-10-28</source><updated_at>06.11.2014</updated_at></text><text><id>t04740251</id><autor>M. Tullius Cicero</autor><abbrev>Cic.</abbrev><titel>On the Subject of the Consular Provinces </titel><filename>phi0474.phi025.perseus-lat1.xml</filename><language>Latin</language><source>Albert Clark; Medford, MA 1997-10-28</source><updated_at>01.08.2014</updated_at></text><text><id>t04740261</id><autor>M. Tullius Cicero</autor><abbrev>Cic.</abbrev><titel>In Defense of Lucius Cornelius Balbus </titel><filename>phi0474.phi026.perseus-lat1.xml</filename><language>Latin</language><source>Albert Clark; Medford, MA 1997-10-28</source><updated_at>01.08.2014</updated_at></text><text><id>t04740271</id><autor>M. Tullius Cicero</autor><abbrev>Cic.</abbrev><titel>Against Lucius Calpurnius Piso </titel><filename>phi0474.phi027.perseus-lat1.xml</filename><language>Latin</language><source>Albert Clark; Medford, MA 1997-10-28</source><updated_at>01.08.2014</updated_at></text><text><id>t04740291</id><autor>M. Tullius Cicero</autor><abbrev>Cic.</abbrev><titel>In Defense of Marcus Aemilius Scaurus </titel><filename>phi0474.phi029.perseus-lat1.xml</filename><language>Latin </language><source>Albert Clark; Medford, MA 1997-10-28</source><updated_at>01.08.2014</updated_at></text><text><id>t04740301</id><autor>M. Tullius Cicero</autor><abbrev>Cic.</abbrev><titel>In Defense of Caius Rabirius Postumus </titel><filename>phi0474.phi030.perseus-lat1.xml</filename><language>Latin</language><source>Albert Clark; Medford, MA 1997-10-28</source><updated_at>01.08.2014</updated_at></text><text><id>t04740321</id><autor>M. Tullius Cicero</autor><abbrev>Cic.</abbrev><titel>On Behalf of Marcus Claudius Marcellus </titel><filename>phi0474.phi032.perseus-lat1.xml</filename><language>Latin </language><source>Albert Clark; Medford, MA 1997-10-28</source><updated_at>01.08.2014</updated_at></text><text><id>t04740331</id><autor>M. Tullius Cicero</autor><abbrev>Cic.</abbrev><titel>In Defense of Quintus Ligarius </titel><filename>phi0474.phi033.perseus-lat1.xml</filename><language>Latin </language><source>Albert Clark; Medford, MA 1997-10-28</source><updated_at>01.08.2014</updated_at></text><text><id>t04740341</id><autor>M. Tullius Cicero</autor><abbrev>Cic.</abbrev><titel>On Behalf of King Deiotarus </titel><filename>phi0474.phi034.perseus-lat1.xml</filename><language>Latin </language><source>Albert Clark; Medford, MA 1997-10-28</source><updated_at>01.08.2014</updated_at></text><text><id>t04740361</id><autor>M. Tullius Cicero</autor><abbrev>Cic.</abbrev><titel>De Inventione</titel><filename>phi0474.phi036.perseus-lat1.xml</filename><language>Latin</language><source>Eduard Stroebel; Medford, MA 2011-09-12</source><updated_at>20.11.2016</updated_at></text><text><id>t04740371</id><autor>M. Tullius Cicero</autor><abbrev>Cic.</abbrev><titel>De Oratore</titel><filename>phi0474.phi037.perseus-lat1.xml</filename><language>Latin</language><source>A. S. Wilkins; Medford, MA 2002-07-31</source><updated_at>13.09.2013</updated_at></text><text><id>t04740381</id><autor>M. Tullius Cicero</autor><abbrev>Cic.</abbrev><titel>De Partitione Oratoria</titel><filename>phi0474.phi038.perseus-lat1.xml</filename><language>Latin
	</language><source>A. S. Wilkins; Medford, MA 2011-04-14</source><updated_at>20.11.2016</updated_at></text><text><id>t04740391</id><autor>M. Tullius Cicero</autor><abbrev>Cic.</abbrev><titel>Brutus</titel><filename>phi0474.phi039.perseus-lat1.xml</filename><language>Latin
	</language><source>A. S. Wilkins; Medford, MA 2011-04-14</source><updated_at>20.11.2016</updated_at></text><text><id>t04740401</id><autor>M. Tullius Cicero</autor><abbrev>Cic.</abbrev><titel>Orator</titel><filename>phi0474.phi040.perseus-lat1.xml</filename><language>Latin
	</language><source>A. S. Wilkins; Medford, MA 2011-04-14</source><updated_at>20.11.2016</updated_at></text><text><id>t04740411</id><autor>M. Tullius Cicero</autor><abbrev>Cic.</abbrev><titel>De Optimo Genere Oratorum</titel><filename>phi0474.phi041.perseus-lat1.xml</filename><language>Latin
	</language><source>A. S. Wilkins; Medford, MA 2011-04-14</source><updated_at>20.11.2016</updated_at></text><text><id>t04740421</id><autor>M. Tullius Cicero</autor><abbrev>Cic.</abbrev><titel>Topica</titel><filename>phi0474.phi042.perseus-lat1.xml</filename><language>Latin
	</language><source>A. S. Wilkins; Medford, MA 2011-04-14</source><updated_at>20.11.2016</updated_at></text><text><id>t04740431</id><autor>M. Tullius Cicero</autor><abbrev>Cic.</abbrev><titel>De Republica</titel><filename>phi0474.phi043.perseus-lat1.xml</filename><language>Latin
	</language><source>C. F. W. Mueller; Medford, MA 2009-10-07</source><updated_at>20.11.2016</updated_at></text><text><id>t04740451</id><autor>M. Tullius Cicero</autor><abbrev>Cic.</abbrev><titel>Academica</titel><filename>phi0474.phi045.perseus-lat1.xml</filename><language>Latin</language><source>O. Plasberg; Medford, MA 2009-10-07</source><updated_at>13.09.2013</updated_at></text><text><id>t04740461</id><autor>M. Tullius Cicero</autor><abbrev>Cic.</abbrev><titel>Lucullus</titel><filename>phi0474.phi046.perseus-lat1.xml</filename><language>Latin</language><source>O. Plasberg; Medford, MA 2009-10-07</source><updated_at>13.09.2013</updated_at></text><text><id>t04740471</id><autor>M. Tullius Cicero</autor><abbrev>Cic.</abbrev><titel>Paradoxa stoicorum ad M. Brutum</titel><filename>phi0474.phi047.perseus-lat1.xml</filename><language>Latin</language><source>J. G. Baiter; Medford, MA 2009-10-07</source><updated_at>13.09.2013</updated_at></text><text><id>t04740481</id><autor>M. Tullius Cicero</autor><abbrev>Cic.</abbrev><titel>de Finibus Bonorum et Malorum</titel><filename>phi0474.phi048.perseus-lat1.xml</filename><language>Latin</language><source>Th. Schiche; Medford, MA 2009-10-07</source><updated_at>13.09.2013</updated_at></text><text><id>t04740491</id><autor>M. Tullius Cicero</autor><abbrev>Cic.</abbrev><titel>Tusculanae Disputationes</titel><filename>phi0474.phi049.perseus-lat1.xml</filename><language>Latin</language><source>M. Pohlenz; Medford, MA 2009-10-07</source><updated_at>13.09.2013</updated_at></text><text><id>t04740501</id><autor>M. Tullius Cicero</autor><abbrev>Cic.</abbrev><titel>de Natura Deorum</titel><filename>phi0474.phi050.perseus-lat1.xml</filename><language>Latin</language><source>O. Plasberg; Medford, MA 2009-10-07</source><updated_at>13.09.2013</updated_at></text><text><id>t04740511</id><autor>M. Tullius Cicero</autor><abbrev>Cic.</abbrev><titel>De Senectute</titel><filename>phi0474.phi051.perseus-lat1.xml</filename><language>Latin</language><source>William Armistead Falconer; Medford, MA 2009-10-07</source><updated_at>20.11.2016</updated_at></text><text><id>t04740521</id><autor>M. Tullius Cicero</autor><abbrev>Cic.</abbrev><titel>De Amicitia</titel><filename>phi0474.phi052.perseus-lat1.xml</filename><language>Latin</language><source>William Armistead Falconer; Medford, MA 2009-10-07</source><updated_at>20.11.2016</updated_at></text><text><id>t04740531</id><autor>M. Tullius Cicero</autor><abbrev>Cic.</abbrev><titel>De Divinatione</titel><filename>phi0474.phi053.perseus-lat1.xml</filename><language>Latin</language><source>C. F. W. M&#xFC;ller; Medford, MA 2009-10-07</source><updated_at>13.09.2013</updated_at></text><text><id>t04740541</id><autor>M. Tullius Cicero</autor><abbrev>Cic.</abbrev><titel>De Fato</titel><filename>phi0474.phi054.perseus-lat1.xml</filename><language>Latin</language><source>C. F. W. M&#xFC;ller; Medford, MA 2009-10-07</source><updated_at>13.09.2013</updated_at></text><text><id>t04740551</id><autor>M. Tullius Cicero</autor><abbrev>Cic.</abbrev><titel>De Officiis</titel><filename>phi0474.phi055.perseus-lat1.xml</filename><language>Latin</language><source>Walter Miller; Medford, MA 2009-10-07</source><updated_at>20.11.2016</updated_at></text><text><id>t04740561</id><autor>M. Tullius Cicero</autor><abbrev>Cic.</abbrev><titel>Epistulae ad Familiares</titel><filename>phi0474.phi056.perseus-lat1.xml</filename><language>Latin
	</language><source>L. C. Purser; Medford, MA 2000-08-01</source><updated_at>13.09.2013</updated_at></text><text><id>t04740571</id><autor>M. Tullius Cicero</autor><abbrev>Cic.</abbrev><titel>Letters to Atticus</titel><filename>phi0474.phi057.perseus-lat1.xml</filename><language>Latin </language><source>L. C. Purser; Medford, MA 2000-08-01</source><updated_at>09.07.2011</updated_at></text><text><id>t04740581</id><autor>M. Tullius Cicero</autor><abbrev>Cic.</abbrev><titel>Letters to and from Quintus</titel><filename>phi0474.phi058.perseus-lat1.xml</filename><language>Latin
   </language><source>L. C. Purser; Medford, MA 2000-08-01</source><updated_at>13.09.2013</updated_at></text><text><id>t04740591</id><autor>M. Tullius Cicero</autor><abbrev>Cic.</abbrev><titel>Letters to and from Brutus</titel><filename>phi0474.phi059.perseus-lat1.xml</filename><language>Latin
	</language><source>L. C. Purser; Medford, MA 2000-08-01</source><updated_at>13.09.2013</updated_at></text><text><id>t04740721</id><autor>M. Tullius Cicero</autor><abbrev>Cic.</abbrev><titel>Timaeus</titel><filename>phi0474.phi072.perseus-lat1.xml</filename><language>Latin</language><source>C. F. W. Mueller; Medford, MA 2011-09-12</source><updated_at>20.11.2016</updated_at></text><text><id>t04780032</id><autor>Q. Tullius Cicero</autor><abbrev>Cic.</abbrev><titel>Essay on Running for Consul</titel><filename>phi0478.phi003.perseus-lat2.xml</filename><language>Latin </language><source>L. C. Purser; Medford, MA 2000-08-01</source><updated_at>10.11.2016</updated_at></text><text><id>t06310032</id><autor>Sallust</autor><abbrev>Sal.</abbrev><titel>Orationes Et Epistulae</titel><filename>phi0631.phi003.perseus-lat2.xml</filename><language>Latin</language><source>Axel W. Ahlberg; Medford, MA 2009-10-07</source><updated_at>01.01.2006</updated_at></text><text><id>t06600032</id><autor>Sulpicia</autor><abbrev>Sulp.</abbrev><titel>Carmina Omnia</titel><filename>phi0660.phi003.perseus-lat2.xml</filename><language>Latin</language><source>Anne Mahoney; Medford, MA 2000-08-01</source><updated_at>14.11.2016</updated_at></text><text><id>t06900012</id><autor>P. Vergilius Maro</autor><abbrev>Verg.</abbrev><titel>Eclogues</titel><filename>phi0690.phi001.perseus-lat2.xml</filename><language>Latin
           </language><source>J. B. Greenough; Medford, MA 1997-10-28</source><updated_at>06.11.2014</updated_at></text><text><id>t06900022</id><autor>P. Vergilius Maro</autor><abbrev>Verg.</abbrev><titel>Georgicon</titel><filename>phi0690.phi002.perseus-lat2.xml</filename><language>Latin</language><source>J. B. Greenough; Medford, MA 1997-10-28</source><updated_at>06.11.2014</updated_at></text><text><id>t06900032</id><autor>P. Vergilius Maro</autor><abbrev>Verg.</abbrev><titel>Aeneid</titel><filename>phi0690.phi003.perseus-lat2.xml</filename><language>Latin</language><source>J. B. Greenough; Medford, MA 1997-10-28</source><updated_at>01.12.2015</updated_at></text><text><id>t08600012</id><autor>Curtius Rufus, Quintus</autor><abbrev>Curt. Ruf.</abbrev><titel>Historiae Alexandri Magni</titel><filename>phi0860.phi001.perseus-lat2.xml</filename><language>Latin</language><source>Edmund Hedicke; Medford, MA 2011-04-14</source><updated_at>16.11.2016</updated_at></text><text><id>t08930012</id><autor>Q. Horatius Flaccus (Horace)</autor><abbrev>Hor.</abbrev><titel>Carmina</titel><filename>phi0893.phi001.perseus-lat2.xml</filename><language>Latin</language><source>Paul Shorey; Medford, MA 1997-10-28</source><updated_at>16.11.2016</updated_at></text><text><id>t08930022</id><autor>Q. Horatius Flaccus (Horace)</autor><abbrev>Hor.</abbrev><titel>Carmen Saeculare</titel><filename>phi0893.phi002.perseus-lat2.xml</filename><language>Latin</language><source>Paul Shorey; Medford, MA 2011-04-14</source><updated_at>17.02.2016</updated_at></text><text><id>t08930032</id><autor>Q. Horatius Flaccus (Horace)</autor><abbrev>Hor.</abbrev><titel>Epodon</titel><filename>phi0893.phi003.perseus-lat2.xml</filename><language>Latin</language><source>Friedrich Vollmer; Medford, MA 2011-04-14</source><updated_at>16.11.2016</updated_at></text><text><id>t08930042</id><autor>Q. Horatius Flaccus (Horace)</autor><abbrev>Hor.</abbrev><titel>Satyrarum libri</titel><filename>phi0893.phi004.perseus-lat2.xml</filename><language>Latin</language><source>C. Smart; Medford, MA 2000-08-01</source><updated_at>16.11.2016</updated_at></text><text><id>t08930052</id><autor>Q. Horatius Flaccus (Horace)</autor><abbrev>Hor.</abbrev><titel>Epistles</titel><filename>phi0893.phi005.perseus-lat2.xml</filename><language>Latin</language><source>H. Rushton Fairclough; Medford, MA 2011-04-14</source><updated_at>16.11.2016</updated_at></text><text><id>t08930062</id><autor>Q. Horatius Flaccus (Horace)</autor><abbrev>Hor.</abbrev><titel>De Arte Poetica liber</titel><filename>phi0893.phi006.perseus-lat2.xml</filename><language>Latin</language><source>C. Smart; Medford, MA 2000-08-01</source><updated_at>16.11.2016</updated_at></text><text><id>t09140012</id><autor>Titus Livius (Livy)</autor><abbrev>Liv.</abbrev><titel>Ab urbe condita</titel><filename>phi0914.phi001.perseus-lat2.xml</filename><language>Latin</language><source>W. Weissenborn; Medford, MA 1884-1911</source><updated_at>21.06.2018</updated_at></text><text><id>t091400112</id><autor>Titus Livius (Livy)</autor><abbrev>Liv.</abbrev><titel>Ab Urbe Condita, books 1-2 - 1</titel><filename>phi0914.phi0011.perseus-lat2.xml</filename><language>Latin</language><source>Benjamin Oliver Foster, Ph.D.; Medford, MA 1919</source><updated_at>09.10.2014</updated_at></text><text><id>t0914001102</id><autor>Titus Livius (Livy)</autor><abbrev>Liv.</abbrev><titel>Ab urbe condita, books 6-10 - 10</titel><filename>phi0914.phi00110.perseus-lat2.xml</filename><language>Latin </language><source>Charles Flamstead Walters; Medford, MA 1997-10-28</source><updated_at>09.10.2014</updated_at></text><text><id>t0914001112</id><autor>Titus Livius (Livy)</autor><abbrev>Liv.</abbrev><titel>Ab Urbe Condita, books 8-10 - 11s</titel><filename>phi0914.phi00111s.perseus-lat2.xml</filename><language>Latin</language><source>Benjamin Oliver Foster, Ph.D.; Medford, MA 1926: no copyright notice</source><updated_at>09.10.2014</updated_at></text><text><id>t0914001122</id><autor>Titus Livius (Livy)</autor><abbrev>Liv.</abbrev><titel>Ab Urbe Condita, books 8-10 - 12s</titel><filename>phi0914.phi00112s.perseus-lat2.xml</filename><language>Latin</language><source>Benjamin Oliver Foster, Ph.D.; Medford, MA 1926: no copyright notice</source><updated_at>09.10.2014</updated_at></text><text><id>t0914001132</id><autor>Titus Livius (Livy)</autor><abbrev>Liv.</abbrev><titel>Ab Urbe Condita, books 8-10 - 13s</titel><filename>phi0914.phi00113s.perseus-lat2.xml</filename><language>Latin</language><source>Benjamin Oliver Foster, Ph.D.; Medford, MA 1926: no copyright notice</source><updated_at>09.10.2014</updated_at></text><text><id>t0914001142</id><autor>Titus Livius (Livy)</autor><abbrev>Liv.</abbrev><titel>Ab Urbe Condita, books 8-10 - 14s</titel><filename>phi0914.phi00114s.perseus-lat2.xml</filename><language>Latin</language><source>Benjamin Oliver Foster, Ph.D.; Medford, MA 1926: no copyright notice</source><updated_at>09.10.2014</updated_at></text><text><id>t0914001152</id><autor>Titus Livius (Livy)</autor><abbrev>Liv.</abbrev><titel>Ab Urbe Condita, books 8-10 - 15s</titel><filename>phi0914.phi00115s.perseus-lat2.xml</filename><language>Latin</language><source>Benjamin Oliver Foster, Ph.D.; Medford, MA 1926: no copyright notice</source><updated_at>09.10.2014</updated_at></text><text><id>t0914001162</id><autor>Titus Livius (Livy)</autor><abbrev>Liv.</abbrev><titel>Ab Urbe Condita, books 8-10 - 16s</titel><filename>phi0914.phi00116s.perseus-lat2.xml</filename><language>Latin</language><source>Benjamin Oliver Foster, Ph.D.; Medford, MA 1926: no copyright notice</source><updated_at>09.10.2014</updated_at></text><text><id>t0914001172</id><autor>Titus Livius (Livy)</autor><abbrev>Liv.</abbrev><titel>Ab Urbe Condita, books 8-10 - 17s</titel><filename>phi0914.phi00117s.perseus-lat2.xml</filename><language>Latin</language><source>Benjamin Oliver Foster, Ph.D.; Medford, MA 1926: no copyright notice</source><updated_at>09.10.2014</updated_at></text><text><id>t0914001182</id><autor>Titus Livius (Livy)</autor><abbrev>Liv.</abbrev><titel>Ab Urbe Condita, books 8-10 - 18s</titel><filename>phi0914.phi00118s.perseus-lat2.xml</filename><language>Latin</language><source>Benjamin Oliver Foster, Ph.D.; Medford, MA 1926: no copyright notice</source><updated_at>09.10.2014</updated_at></text><text><id>t0914001192</id><autor>Titus Livius (Livy)</autor><abbrev>Liv.</abbrev><titel>Ab Urbe Condita, books 8-10 - 19s</titel><filename>phi0914.phi00119s.perseus-lat2.xml</filename><language>Latin</language><source>Benjamin Oliver Foster, Ph.D.; Medford, MA 1926: no copyright notice</source><updated_at>09.10.2014</updated_at></text><text><id>t091400122</id><autor>Titus Livius (Livy)</autor><abbrev>Liv.</abbrev><titel>Ab Urbe Condita, books 1-2 - 2</titel><filename>phi0914.phi0012.perseus-lat2.xml</filename><language>Latin</language><source>Benjamin Oliver Foster, Ph.D.; Medford, MA 1919</source><updated_at>09.10.2014</updated_at></text><text><id>t0914001202</id><autor>Titus Livius (Livy)</autor><abbrev>Liv.</abbrev><titel>Ab Urbe Condita, books 8-10 - 20s</titel><filename>phi0914.phi00120s.perseus-lat2.xml</filename><language>Latin</language><source>Benjamin Oliver Foster, Ph.D.; Medford, MA 1926: no copyright notice</source><updated_at>09.10.2014</updated_at></text><text><id>t0914001211</id><autor>Titus Livius (Livy)</autor><abbrev>Liv.</abbrev><titel>Ab Urbe Condita, books 21-22 - 21</titel><filename>phi0914.phi00121.perseus-lat1.xml</filename><language>Latin</language><source>Benjamin Oliver Foster, Ph.D.; Medford, MA 1929: no copyright notice</source><updated_at>09.10.2014</updated_at></text><text><id>t0914001212</id><autor>Titus Livius (Livy)</autor><abbrev>Liv.</abbrev><titel>Ab urbe condita, books 21-25 - 21</titel><filename>phi0914.phi00121.perseus-lat2.xml</filename><language>Latin </language><source>Robert Seymour Conway; Medford, MA 1929</source><updated_at>09.10.2014</updated_at></text><text><id>t0914001221</id><autor>Titus Livius (Livy)</autor><abbrev>Liv.</abbrev><titel>Ab Urbe Condita, books 21-22 - 22</titel><filename>phi0914.phi00122.perseus-lat1.xml</filename><language>Latin</language><source>Benjamin Oliver Foster, Ph.D.; Medford, MA 1929: no copyright notice</source><updated_at>09.10.2014</updated_at></text><text><id>t0914001222</id><autor>Titus Livius (Livy)</autor><abbrev>Liv.</abbrev><titel>Ab urbe condita, books 21-25 - 22</titel><filename>phi0914.phi00122.perseus-lat2.xml</filename><language>Latin </language><source>Robert Seymour Conway; Medford, MA 1929</source><updated_at>09.10.2014</updated_at></text><text><id>t0914001231</id><autor>Titus Livius (Livy)</autor><abbrev>Liv.</abbrev><titel>Ab urbe condita, books 21-25 - 23</titel><filename>phi0914.phi00123.perseus-lat1.xml</filename><language>Latin </language><source>Robert Seymour Conway; Medford, MA 1929</source><updated_at>09.10.2014</updated_at></text><text><id>t0914001241</id><autor>Titus Livius (Livy)</autor><abbrev>Liv.</abbrev><titel>Ab urbe condita, books 21-25 - 24</titel><filename>phi0914.phi00124.perseus-lat1.xml</filename><language>Latin </language><source>Robert Seymour Conway; Medford, MA 1929</source><updated_at>09.10.2014</updated_at></text><text><id>t0914001251</id><autor>Titus Livius (Livy)</autor><abbrev>Liv.</abbrev><titel>Ab urbe condita, books 21-25 - 25</titel><filename>phi0914.phi00125.perseus-lat1.xml</filename><language>Latin </language><source>Robert Seymour Conway; Medford, MA 1929</source><updated_at>09.10.2014</updated_at></text><text><id>t0914001262</id><autor>Titus Livius (Livy)</autor><abbrev>Liv.</abbrev><titel>Ab Urbe Condita, books 26-27 - 26</titel><filename>phi0914.phi00126.perseus-lat2.xml</filename><language>Latin</language><source> Frank Gardner Moore, Professor Emeritus in Columbia
                    University ; Medford, MA 1943: no copyright notice</source><updated_at>09.10.2014</updated_at></text><text><id>t0914001272</id><autor>Titus Livius (Livy)</autor><abbrev>Liv.</abbrev><titel>Ab Urbe Condita, books 26-27 - 27</titel><filename>phi0914.phi00127.perseus-lat2.xml</filename><language>Latin</language><source> Frank Gardner Moore, Professor Emeritus in Columbia
                    University ; Medford, MA 1943: no copyright notice</source><updated_at>09.10.2014</updated_at></text><text><id>t0914001282</id><autor>Titus Livius (Livy)</autor><abbrev>Liv.</abbrev><titel>Ab urbe condita, books 26-30 - 28</titel><filename>phi0914.phi00128.perseus-lat2.xml</filename><language>Latin </language><source>Robert Seymour Conway; Medford, MA 1935</source><updated_at>09.10.2014</updated_at></text><text><id>t0914001292</id><autor>Titus Livius (Livy)</autor><abbrev>Liv.</abbrev><titel>Ab urbe condita, books 26-30 - 29</titel><filename>phi0914.phi00129.perseus-lat2.xml</filename><language>Latin </language><source>Robert Seymour Conway; Medford, MA 1935</source><updated_at>09.10.2014</updated_at></text><text><id>t091400132</id><autor>Titus Livius (Livy)</autor><abbrev>Liv.</abbrev><titel>Ab urbe condita, books 1-5 - 3</titel><filename>phi0914.phi0013.perseus-lat2.xml</filename><language>Latin </language><source>Robert Seymour Conway; Medford, MA 1997-10-28</source><updated_at>09.10.2014</updated_at></text><text><id>t0914001302</id><autor>Titus Livius (Livy)</autor><abbrev>Liv.</abbrev><titel>Ab urbe condita, books 26-30 - 30</titel><filename>phi0914.phi00130.perseus-lat2.xml</filename><language>Latin </language><source>Robert Seymour Conway; Medford, MA 1935</source><updated_at>09.10.2014</updated_at></text><text><id>t091400142</id><autor>Titus Livius (Livy)</autor><abbrev>Liv.</abbrev><titel>Ab urbe condita, books 1-5 - 4</titel><filename>phi0914.phi0014.perseus-lat2.xml</filename><language>Latin </language><source>Robert Seymour Conway; Medford, MA 1997-10-28</source><updated_at>09.10.2014</updated_at></text><text><id>t091400152</id><autor>Titus Livius (Livy)</autor><abbrev>Liv.</abbrev><titel>Ab urbe condita, books 1-5 - 5</titel><filename>phi0914.phi0015.perseus-lat2.xml</filename><language>Latin </language><source>Robert Seymour Conway; Medford, MA 1997-10-28</source><updated_at>09.10.2014</updated_at></text><text><id>t091400182</id><autor>Titus Livius (Livy)</autor><abbrev>Liv.</abbrev><titel>Ab urbe condita, books 6-10 - 8</titel><filename>phi0914.phi0018.perseus-lat2.xml</filename><language>Latin </language><source>Charles Flamstead Walters; Medford, MA 1997-10-28</source><updated_at>09.10.2014</updated_at></text><text><id>t091400192</id><autor>Titus Livius (Livy)</autor><abbrev>Liv.</abbrev><titel>Ab urbe condita, books 6-10 - 9</titel><filename>phi0914.phi0019.perseus-lat2.xml</filename><language>Latin </language><source>Charles Flamstead Walters; Medford, MA 1997-10-28</source><updated_at>09.10.2014</updated_at></text><text><id>t09140011</id><autor>Titus Livius (Livy)</autor><abbrev>Liv.</abbrev><titel>Ab urbe condita, fragments</titel><filename>phi0914.phi001fr.perseus-lat1.xml</filename><language>Latin </language><source>W. Weissenborn; Medford, MA 1911</source><updated_at>07.01.2015</updated_at></text><text><id>t09170012</id><autor>M. Annaeus Lucanus</autor><abbrev>Luc.</abbrev><titel>Pharsalia</titel><filename>phi0917.phi001.perseus-lat2.xml</filename><language>Latin</language><source>Carolus Hermannus Weise; Medford, MA 1835</source><updated_at>17.03.2004</updated_at></text><text><id>t09590012</id><autor>P. Ovidius Naso</autor><abbrev>Ov.</abbrev><titel>Amores</titel><filename>phi0959.phi001.perseus-lat2.xml</filename><language>Latin </language><source>R. Ehwald; Medford, MA 1907</source><updated_at>06.03.2015</updated_at></text><text><id>t09590022</id><autor>P. Ovidius Naso</autor><abbrev>Ov.</abbrev><titel>Epistulae</titel><filename>phi0959.phi002.perseus-lat2.xml</filename><language>Latin </language><source>R. Ehwald; Medford, MA 2000-08-01</source><updated_at>11.03.2015</updated_at></text><text><id>t09590032</id><autor>P. Ovidius Naso</autor><abbrev>Ov.</abbrev><titel>Art of Beauty</titel><filename>phi0959.phi003.perseus-lat2.xml</filename><language>Latin </language><source>R. Ehwald; Medford, MA 2000-08-01</source><updated_at>11.03.2015</updated_at></text><text><id>t09590042</id><autor>P. Ovidius Naso</autor><abbrev>Ov.</abbrev><titel>Art of Love</titel><filename>phi0959.phi004.perseus-lat2.xml</filename><language>Latin </language><source>R. Ehwald; Medford, MA 1907</source><updated_at>11.03.2015</updated_at></text><text><id>t09590062</id><autor>P. Ovidius Naso</autor><abbrev>Ov.</abbrev><titel>Metamorphoses</titel><filename>phi0959.phi006.perseus-lat2.xml</filename><language>Latin</language><source>Hugo Magnus; Medford, MA 1892</source><updated_at>21.03.2017</updated_at></text><text><id>t09720011</id><autor>Petronius</autor><abbrev>Petr.</abbrev><titel>Satyricon</titel><filename>phi0972.phi001.perseus-lat1.xml</filename><language>Latin</language><source>Michael Heseltine; Medford, MA 2009-10-07</source><updated_at>01.08.2014</updated_at></text><text><id>t09720012</id><autor>Petronius</autor><abbrev>Petr.</abbrev><titel>Satyricon</titel><filename>phi0972.phi001.perseus-lat2.xml</filename><language>Latin</language><source>Michael Heseltine; Medford, MA 2009-10-07</source><updated_at>01.07.2014</updated_at></text><text><id>t09720011</id><autor>Petronius</autor><abbrev>Petr.</abbrev><titel>Fragments</titel><filename>phi0972.phi001f.perseus-lat1.xml</filename><language>Latin</language><source>Michael Heseltine; Medford, MA 2009-10-07</source><updated_at>01.08.2014</updated_at></text><text><id>t09750012</id><autor>Phaedrus</autor><abbrev>Phaedr.</abbrev><titel>Fabulae Aesopiae</titel><filename>phi0975.phi001.perseus-lat2.xml</filename><language>Latin</language><source>L. Mueller; Medford, MA 2001-09-05</source><updated_at>30.04.2018</updated_at></text><text><id>t09780012</id><autor>Pliny the Elder</autor><abbrev>Pliny Maj</abbrev><titel>Naturalis Historia</titel><filename>phi0978.phi001.perseus-lat2.xml</filename><language>Latin</language><source>Karl Friedrich Theodor Mayhoff; Lipsiae 1906</source><updated_at>01.03.2016</updated_at></text><text><id>t10020012</id><autor>Quintilian</autor><abbrev>Quint.</abbrev><titel>Institutio Oratoria, books 1-3: index - 1</titel><filename>phi1002.phi001.perseus-lat2.xml</filename><language>Latin</language><source>Harold Edgeworth Butler; Medford, MA 2009-10-07</source><updated_at>22.08.2018</updated_at></text><text><id>t10140011</id><autor>Seneca the Elder</autor><abbrev>Seneca the Elder</abbrev><titel>Controversiae</titel><filename>phi1014.phi001.perseus-lat1.xml</filename><language>Latin</language><source>Adolf Gottlieb Kiessling; Medford, MA 2011-04-14</source><updated_at>16.11.2015</updated_at></text><text><id>t10140021</id><autor>Seneca the Elder</autor><abbrev>Seneca the Elder</abbrev><titel>Excerpta Controversiae</titel><filename>phi1014.phi002.perseus-lat1.xml</filename><language>Latin</language><source>Adolf Gottlieb Kiessling; Medford, MA 2011-04-14</source><updated_at>16.11.2015</updated_at></text><text><id>t10140031</id><autor>Seneca the Elder</autor><abbrev>Seneca the Elder</abbrev><titel>Suasoriae</titel><filename>phi1014.phi003.perseus-lat1.xml</filename><language>Latin</language><source>Adolf Gottlieb Kiessling; Medford, MA 2011-04-14</source><updated_at>16.11.2015</updated_at></text><text><id>t10140041</id><autor>Seneca the Elder</autor><abbrev>Seneca the Elder</abbrev><titel>Fragmenta</titel><filename>phi1014.phi004.perseus-lat1.xml</filename><language>Latin</language><source>Adolf Gottlieb Kiessling; Medford, MA 2011-04-14</source><updated_at>16.11.2015</updated_at></text><text><id>t10170012</id><autor>Seneca</autor><abbrev>Sen.</abbrev><titel>Hercules Furens</titel><filename>phi1017.phi001.perseus-lat2.xml</filename><language>Latin</language><source>Rudolf Peiper; Medford, MA 2009-10-07</source><updated_at>01.01.2009</updated_at></text><text><id>t10170022</id><autor>Seneca</autor><abbrev>Sen.</abbrev><titel>Troades</titel><filename>phi1017.phi002.perseus-lat2.xml</filename><language>Latin</language><source>Rudolf Peiper; Medford, MA 2009-10-07</source><updated_at>01.01.2009</updated_at></text><text><id>t10170032</id><autor>Seneca</autor><abbrev>Sen.</abbrev><titel>Phoenissae</titel><filename>phi1017.phi003.perseus-lat2.xml</filename><language>Latin</language><source>Rudolf Peiper; Medford, MA 2009-10-07</source><updated_at>01.01.2009</updated_at></text><text><id>t10170042</id><autor>Seneca</autor><abbrev>Sen.</abbrev><titel>Medea</titel><filename>phi1017.phi004.perseus-lat2.xml</filename><language>Latin</language><source>Rudolf Peiper; Medford, MA 2009-10-07</source><updated_at>01.01.2009</updated_at></text><text><id>t10170052</id><autor>Seneca</autor><abbrev>Sen.</abbrev><titel>Phaedra</titel><filename>phi1017.phi005.perseus-lat2.xml</filename><language>Latin</language><source>Rudolf Peiper; Medford, MA 2009-10-07</source><updated_at>01.01.2009</updated_at></text><text><id>t10170062</id><autor>Seneca</autor><abbrev>Sen.</abbrev><titel>Oedipus</titel><filename>phi1017.phi006.perseus-lat2.xml</filename><language>Latin</language><source>Rudolf Peiper; Medford, MA 2009-10-07</source><updated_at>01.01.2009</updated_at></text><text><id>t10170072</id><autor>Seneca</autor><abbrev>Sen.</abbrev><titel>Agamemnon</titel><filename>phi1017.phi007.perseus-lat2.xml</filename><language>Latin</language><source>Rudolf Peiper; Medford, MA 2009-10-07</source><updated_at>01.01.2009</updated_at></text><text><id>t10170082</id><autor>Seneca</autor><abbrev>Sen.</abbrev><titel>Thyestes</titel><filename>phi1017.phi008.perseus-lat2.xml</filename><language>Latin</language><source>Rudolf Peiper; Medford, MA 2009-10-07</source><updated_at>01.01.2009</updated_at></text><text><id>t10170092</id><autor>Seneca</autor><abbrev>Sen.</abbrev><titel>Hercules Oetaeus</titel><filename>phi1017.phi009.perseus-lat2.xml</filename><language>Latin</language><source>Rudolf Peiper; Medford, MA 2009-10-07</source><updated_at>01.01.2009</updated_at></text><text><id>t10170102</id><autor>Seneca</autor><abbrev>Sen.</abbrev><titel>Octavia</titel><filename>phi1017.phi010.perseus-lat2.xml</filename><language>Latin</language><source>Rudolf Peiper; Medford, MA 2009-10-07</source><updated_at>01.01.2009</updated_at></text><text><id>t10170112</id><autor>Seneca</autor><abbrev>Sen.</abbrev><titel>Apocolocyntosis</titel><filename>phi1017.phi011.perseus-lat2.xml</filename><language>Latin</language><source>W.H.D. Rouse; Medford, MA 2009-10-07</source><updated_at>01.01.2007</updated_at></text><text><id>t10170132</id><autor>Seneca</autor><abbrev>Sen.</abbrev><titel>De Beneficiis</titel><filename>phi1017.phi013.perseus-lat2.xml</filename><language>Latin</language><source>John W. Basore; Medford, MA 2009-10-07</source><updated_at>01.01.2009</updated_at></text><text><id>t10170142</id><autor>Seneca</autor><abbrev>Sen.</abbrev><titel>De Clementia</titel><filename>phi1017.phi014.perseus-lat2.xml</filename><language>Latin</language><source>John W. Basore; Medford, MA 2009-10-07</source><updated_at>01.01.2009</updated_at></text><text><id>t10170152</id><autor>Seneca</autor><abbrev>Sen.</abbrev><titel>Ad Lucilium Epistulae Morales</titel><filename>phi1017.phi015.perseus-lat2.xml</filename><language>Latin</language><source>Richard M. Gummere; Medford, MA 2009-10-07</source><updated_at>01.01.2009</updated_at></text><text><id>t10200012</id><autor>Statius, P. Papinius</autor><abbrev>Stat.</abbrev><titel>Thebais</titel><filename>phi1020.phi001.perseus-lat2.xml</filename><language>Latin</language><source>John Henry Mozley; Medford, MA 2011-03-14</source><updated_at>15.11.2015</updated_at></text><text><id>t10200022</id><autor>Statius, P. Papinius</autor><abbrev>Stat.</abbrev><titel>Silvae</titel><filename>phi1020.phi002.perseus-lat2.xml</filename><language>Latin</language><source>John Henry Mozley; Medford, MA 2011-03-14</source><updated_at>06.11.2014</updated_at></text><text><id>t10350012</id><autor>C. Valerius Flaccus </autor><abbrev>phi-1035:V.Fl.</abbrev><titel>Argonautica</titel><filename>phi1035.phi001.perseus-lat2.xml</filename><language>Latin</language><source>Otto Kramer; Medford, MA 2009-10-07</source><updated_at>01.01.2006</updated_at></text><text><id>t10380011</id><autor>Valerius Maximus</autor><abbrev>Valerius Maximus</abbrev><titel>Facta et Dicta Memorabilia</titel><filename>phi1038.phi001.perseus-lat1.xml</filename><language>Latin</language><source>Karl Friedrich Kempf; Medford, MA 2011-09-12</source><updated_at>13.11.2015</updated_at></text><text><id>t10560011</id><autor>Vitruvius Pollio</autor><abbrev>Vitruvius Pollio</abbrev><titel>De Architectura</titel><filename>phi1056.phi001.perseus-lat1.xml</filename><language>Latin</language><source>F. Krohn; Medford, MA 2000-08-01</source><updated_at>13.11.2015</updated_at></text><text><id>t12120011</id><autor>Apuleius</autor><abbrev>Apuleius</abbrev><titel>Apologia</titel><filename>phi1212.phi001.perseus-lat1.xml</filename><language>English</language><source>Rudolf Helm; Medford, MA 2011-03-14</source><updated_at>11.11.2015</updated_at></text><text><id>t12120021</id><autor>Apuleius</autor><abbrev>Apuleius</abbrev><titel>Metamorphoses</titel><filename>phi1212.phi002.perseus-lat1.xml</filename><language>English</language><source>Stephen Gaselee; Medford, MA 2011-03-14</source><updated_at>13.11.2015</updated_at></text><text><id>t12120031</id><autor>Apuleius</autor><abbrev>Apuleius</abbrev><titel>Florida</titel><filename>phi1212.phi003.perseus-lat1.xml</filename><language>Latin</language><source>Rudolf Helm; Medford, MA 2011-03-14</source><updated_at>13.11.2015</updated_at></text><text><id>t12420011</id><autor>Florus, Lucius Annaeus</autor><abbrev>Florus, Lucius Annaeus</abbrev><titel>Epitome Rerum Romanorum</titel><filename>phi1242.phi001.perseus-lat1.xml</filename><language>Latin</language><source>Edward Seymour Forster; Medford, MA 2011-03-14</source><updated_at>11.11.2015</updated_at></text><text><id>t12540012</id><autor>Aulus Gellius</autor><abbrev>Aulus Gellius</abbrev><titel>Attic Nights</titel><filename>phi1254.phi001.perseus-lat2.xml</filename><language>Latin</language><source>John C. Rolfe; Medford, MA 2009-10-07</source><updated_at>04.06.2018</updated_at></text><text><id>t12760012</id><autor>Juvenal</autor><abbrev>Iuv.</abbrev><titel>Satires</titel><filename>phi1276.phi001.perseus-lat2.xml</filename><language>English</language><source>G. G. Ramsay; Medford, MA 1918</source><updated_at>04.11.2015</updated_at></text><text><id>t12940022</id><autor>Martial</autor><abbrev>Mart.</abbrev><titel>Epigrammata</titel><filename>phi1294.phi002.perseus-lat2.xml</filename><language>English</language><source>Wilhelm Heraeus; Medford, MA 2011-03-14</source><updated_at>04.11.2015</updated_at></text><text><id>t13510011</id><autor>Cornelius Tacitus</autor><abbrev>Tac.</abbrev><titel>De Vita Iulii Agricolae</titel><filename>phi1351.phi001.perseus-lat1.xml</filename><language>Latin</language><source>Henry Furneaux; Medford, MA 2001-03-12</source><updated_at>30.08.2015</updated_at></text><text><id>t13510021</id><autor>Cornelius Tacitus</autor><abbrev>Tac.</abbrev><titel>de Origine et Situ Germanorum Liber</titel><filename>phi1351.phi002.perseus-lat1.xml</filename><language>Latin
	</language><source>Henry Furneaux; Medford, MA 2001-03-12</source><updated_at>30.10.2015</updated_at></text></texte>
