[
  {
    "Ab urbe condita": "",
    "Aeneis": "Aen.",
    "Aeneid": "Aen.",
    "Amores": "Am.",
    "Art of love": "Ars",
    "Carmina": "",
    "bello Gallico": "Gall.",
    "bello civili": "Civ.",
    "coniuratione Catilinae": "Catil.",
    "bello Iugurthino": "Iu.",
    "Jugurtha": "Iu.",
    "Brutus": "Brut.",
    "In Catilinam": "Catil.",
    "de divinatione": "Div.",
    "Epistulae ad familiares": "Fam.",
    "De finibus bonorum": "Fin.",
    "Against Verres": "Verr.",
    "In Verrem": "Verr.",
    "Academica": "Ac.",
    "tusculanae": "Tusc.",
    "natura deorum": "Nat.",
    "De inventione": "Inv.",
    "laelius de amicitia": "Lael.",
    "De officiis": "Off.",
    "Quintum": "Quint.",
    "from Quintus": "Quint.",
    "Atticus": "Att.",
    "Divus Augustus": "Aug.",
    "Alcibiades": "Alc.",
    "Hannibal": "Hann.",
    "divus iulius": "Iul.",
    "divus Julius": "Iul.",
    "Metamorph": "Met.",
    "V. Fl.": ""
  }
]